<?xml version="1.0" encoding="UTF-8"?>
<java version="1.6.0_0" class="java.beans.XMLDecoder">

<!-- Note that this XML is specific to the neuroConstruct Java cell object model and not any part of the NeuroML framework -->

 <object class="ucl.physiol.neuroconstruct.cell.Cell">
  <void property="allSegments">
   <void method="add">
    <object id="Segment0" class="ucl.physiol.neuroconstruct.cell.Segment">
     <void property="endPointPositionX">
      <float>0.0</float>
     </void>
     <void property="endPointPositionY">
      <float>0.0</float>
     </void>
     <void property="endPointPositionZ">
      <float>0.0</float>
     </void>
     <void property="finiteVolume">
      <boolean>true</boolean>
     </void>
     <void property="radius">
      <float>13.5</float>
     </void>
     <void property="section">
      <object class="ucl.physiol.neuroconstruct.cell.Section">
       <void property="groups">
        <void method="add">
         <string>soma_group</string>
        </void>
       </void>
       <void property="sectionName">
        <string>Soma</string>
       </void>
       <void property="startPointPositionX">
        <float>0.0</float>
       </void>
       <void property="startPointPositionY">
        <float>0.0</float>
       </void>
       <void property="startPointPositionZ">
        <float>0.0</float>
       </void>
       <void property="startRadius">
        <float>13.5</float>
       </void>
      </object>
     </void>
     <void property="segmentId">
      <int>0</int>
     </void>
     <void property="segmentName">
      <string>Soma</string>
     </void>
    </object>
   </void>
   <void method="add">
    <object class="ucl.physiol.neuroconstruct.cell.Segment">
     <void property="endPointPositionX">
      <float>113.0</float>
     </void>
     <void property="endPointPositionY">
      <float>0.0</float>
     </void>
     <void property="endPointPositionZ">
      <float>0.0</float>
     </void>
     <void property="fractionAlongParent">
      <float>0.5</float>
     </void>
     <void property="parentSegment">
      <object idref="Segment0"/>
     </void>
     <void property="radius">
      <float>1.5</float>
     </void>
     <void property="section">
      <object class="ucl.physiol.neuroconstruct.cell.Section">
       <void property="groups">
        <void method="add">
         <string>dendrite_group</string>
        </void>
       </void>
       <void property="numberInternalDivisions">
        <int>10</int>
       </void>
       <void property="sectionName">
        <string>Section_1</string>
       </void>
       <void property="startPointPositionX">
        <float>0.0</float>
       </void>
       <void property="startPointPositionY">
        <float>0.0</float>
       </void>
       <void property="startPointPositionZ">
        <float>0.0</float>
       </void>
       <void property="startRadius">
        <float>1.5</float>
       </void>
      </object>
     </void>
     <void property="segmentId">
      <int>1</int>
     </void>
     <void property="segmentName">
      <string>dend2</string>
     </void>
    </object>
   </void>
   <void method="add">
    <object class="ucl.physiol.neuroconstruct.cell.Segment">
     <void property="endPointPositionX">
      <float>72.0</float>
     </void>
     <void property="endPointPositionY">
      <float>87.0</float>
     </void>
     <void property="endPointPositionZ">
      <float>4.0</float>
     </void>
     <void property="fractionAlongParent">
      <float>0.5</float>
     </void>
     <void property="parentSegment">
      <object idref="Segment0"/>
     </void>
     <void property="radius">
      <float>1.5</float>
     </void>
     <void property="section">
      <object class="ucl.physiol.neuroconstruct.cell.Section">
       <void property="groups">
        <void method="add">
         <string>dendrite_group</string>
        </void>
       </void>
       <void property="numberInternalDivisions">
        <int>10</int>
       </void>
       <void property="sectionName">
        <string>dend_1</string>
       </void>
       <void property="startPointPositionX">
        <float>0.0</float>
       </void>
       <void property="startPointPositionY">
        <float>0.0</float>
       </void>
       <void property="startPointPositionZ">
        <float>0.0</float>
       </void>
       <void property="startRadius">
        <float>1.5</float>
       </void>
      </object>
     </void>
     <void property="segmentId">
      <int>2</int>
     </void>
     <void property="segmentName">
      <string>dend_1</string>
     </void>
    </object>
   </void>
   <void method="add">
    <object class="ucl.physiol.neuroconstruct.cell.Segment">
     <void property="endPointPositionX">
      <float>72.0</float>
     </void>
     <void property="endPointPositionY">
      <float>-87.0</float>
     </void>
     <void property="endPointPositionZ">
      <float>4.0</float>
     </void>
     <void property="fractionAlongParent">
      <float>0.5</float>
     </void>
     <void property="parentSegment">
      <object idref="Segment0"/>
     </void>
     <void property="radius">
      <float>1.5</float>
     </void>
     <void property="section">
      <object class="ucl.physiol.neuroconstruct.cell.Section">
       <void property="groups">
        <void method="add">
         <string>dendrite_group</string>
        </void>
       </void>
       <void property="numberInternalDivisions">
        <int>10</int>
       </void>
       <void property="sectionName">
        <string>Section_3</string>
       </void>
       <void property="startPointPositionX">
        <float>0.0</float>
       </void>
       <void property="startPointPositionY">
        <float>0.0</float>
       </void>
       <void property="startPointPositionZ">
        <float>0.0</float>
       </void>
       <void property="startRadius">
        <float>1.5</float>
       </void>
      </object>
     </void>
     <void property="segmentId">
      <int>5</int>
     </void>
     <void property="segmentName">
      <string>dend_3</string>
     </void>
    </object>
   </void>
   <void method="add">
    <object class="ucl.physiol.neuroconstruct.cell.Segment">
     <void property="endPointPositionX">
      <float>-1200.0</float>
     </void>
     <void property="endPointPositionY">
      <float>0.0</float>
     </void>
     <void property="endPointPositionZ">
      <float>0.0</float>
     </void>
     <void property="fractionAlongParent">
      <float>0.5</float>
     </void>
     <void property="parentSegment">
      <object idref="Segment0"/>
     </void>
     <void property="radius">
      <float>1.2</float>
     </void>
     <void property="section">
      <object class="ucl.physiol.neuroconstruct.cell.Section">
       <void property="groups">
        <void method="add">
         <string>axon_group</string>
        </void>
       </void>
       <void property="numberInternalDivisions">
        <int>100</int>
       </void>
       <void property="sectionName">
        <string>Section_axon</string>
       </void>
       <void property="startPointPositionX">
        <float>0.0</float>
       </void>
       <void property="startPointPositionY">
        <float>0.0</float>
       </void>
       <void property="startPointPositionZ">
        <float>0.0</float>
       </void>
       <void property="startRadius">
        <float>1.2</float>
       </void>
      </object>
     </void>
     <void property="segmentId">
      <int>6</int>
     </void>
     <void property="segmentName">
      <string>axon</string>
     </void>
    </object>
   </void>
  </void>
  <void property="cellDescription">
   <string>A single segment/compartment cell</string>
  </void>
  <void property="chanMechsVsGroups">
   <void method="put">
    <object class="ucl.physiol.neuroconstruct.cell.ChannelMechanism">
     <void property="density">
      <float>2.5E-9</float>
     </void>
     <void property="name">
      <string>CaLVA_CML</string>
     </void>
    </object>
    <object class="java.util.Vector">
     <void method="add">
      <string>soma_group</string>
     </void>
    </object>
   </void>
   <void method="put">
    <object class="ucl.physiol.neuroconstruct.cell.ChannelMechanism">
     <void property="density">
      <float>4.8E-7</float>
     </void>
     <void property="name">
      <string>NaT_CML</string>
     </void>
    </object>
    <object class="java.util.Vector">
     <void method="add">
      <string>soma_group</string>
     </void>
    </object>
   </void>
   <void method="put">
    <object class="ucl.physiol.neuroconstruct.cell.ChannelMechanism">
     <void property="extraParameters">
      <void method="add">
       <object class="ucl.physiol.neuroconstruct.cell.MechParameter">
        <void property="name">
         <string>thickness</string>
        </void>
        <void property="value">
         <float>0.20304</float>
        </void>
       </object>
      </void>
     </void>
     <void property="name">
      <string>Golgi_CALC_ca2_CML</string>
     </void>
    </object>
    <object class="java.util.Vector">
     <void method="add">
      <string>soma_group</string>
     </void>
    </object>
   </void>
   <void method="put">
    <object class="ucl.physiol.neuroconstruct.cell.ChannelMechanism">
     <void property="density">
      <float>8.0E-8</float>
     </void>
     <void property="name">
      <string>KA_CML</string>
     </void>
    </object>
    <object class="java.util.Vector">
     <void method="add">
      <string>soma_group</string>
     </void>
    </object>
   </void>
   <void method="put">
    <object class="ucl.physiol.neuroconstruct.cell.ChannelMechanism">
     <void property="density">
      <float>4.6E-9</float>
     </void>
     <void property="name">
      <string>CaHVA_CML</string>
     </void>
    </object>
    <object class="java.util.Vector">
     <void method="add">
      <string>soma_group</string>
     </void>
    </object>
   </void>
   <void method="put">
    <object class="ucl.physiol.neuroconstruct.cell.ChannelMechanism">
     <void property="density">
      <float>3.2E-7</float>
     </void>
     <void property="name">
      <string>KV_CML</string>
     </void>
    </object>
    <object class="java.util.Vector">
     <void method="add">
      <string>soma_group</string>
     </void>
    </object>
   </void>
   <void method="put">
    <object class="ucl.physiol.neuroconstruct.cell.ChannelMechanism">
     <void property="density">
      <float>5.0E-10</float>
     </void>
     <void property="name">
      <string>hcn1s_CML</string>
     </void>
    </object>
    <object class="java.util.Vector">
     <void method="add">
      <string>soma_group</string>
     </void>
    </object>
   </void>
   <void method="put">
    <object class="ucl.physiol.neuroconstruct.cell.ChannelMechanism">
     <void property="density">
      <float>8.0E-10</float>
     </void>
     <void property="name">
      <string>hcn2f_CML</string>
     </void>
    </object>
    <object class="java.util.Vector">
     <void method="add">
      <string>soma_group</string>
     </void>
    </object>
   </void>
   <void method="put">
    <object class="ucl.physiol.neuroconstruct.cell.ChannelMechanism">
     <void property="density">
      <float>2.1E-10</float>
     </void>
     <void property="name">
      <string>LeakCond</string>
     </void>
    </object>
    <object class="java.util.Vector">
     <void method="add">
      <string>all</string>
     </void>
    </object>
   </void>
   <void method="put">
    <object class="ucl.physiol.neuroconstruct.cell.ChannelMechanism">
     <void property="density">
      <float>1.7E-8</float>
     </void>
     <void property="name">
      <string>NaR_CML</string>
     </void>
    </object>
    <object class="java.util.Vector">
     <void method="add">
      <string>soma_group</string>
     </void>
    </object>
   </void>
   <void method="put">
    <object class="ucl.physiol.neuroconstruct.cell.ChannelMechanism">
     <void property="extraParameters">
      <void method="add">
       <object class="ucl.physiol.neuroconstruct.cell.MechParameter">
        <void property="name">
         <string>thickness</string>
        </void>
        <void property="value">
         <float>0.20304</float>
        </void>
       </object>
      </void>
     </void>
     <void property="name">
      <string>Golgi_CALC_CML</string>
     </void>
    </object>
    <object class="java.util.Vector">
     <void method="add">
      <string>soma_group</string>
     </void>
    </object>
   </void>
   <void method="put">
    <object class="ucl.physiol.neuroconstruct.cell.ChannelMechanism">
     <void property="density">
      <float>1.9E-9</float>
     </void>
     <void property="name">
      <string>NaP_CML</string>
     </void>
    </object>
    <object class="java.util.Vector">
     <void method="add">
      <string>soma_group</string>
     </void>
    </object>
   </void>
   <void method="put">
    <object class="ucl.physiol.neuroconstruct.cell.ChannelMechanism">
     <void property="density">
      <float>3.0E-8</float>
     </void>
     <void property="name">
      <string>KC_CML</string>
     </void>
    </object>
    <object class="java.util.Vector">
     <void method="add">
      <string>soma_group</string>
     </void>
    </object>
   </void>
   <void method="put">
    <object class="ucl.physiol.neuroconstruct.cell.ChannelMechanism">
     <void property="density">
      <float>1.0E-8</float>
     </void>
     <void property="name">
      <string>Kslow_CML</string>
     </void>
    </object>
    <object class="java.util.Vector">
     <void method="add">
      <string>soma_group</string>
     </void>
    </object>
   </void>
   <void method="put">
    <object class="ucl.physiol.neuroconstruct.cell.ChannelMechanism">
     <void property="density">
      <float>8.0E-10</float>
     </void>
     <void property="name">
      <string>hcn2s_CML</string>
     </void>
    </object>
    <object class="java.util.Vector">
     <void method="add">
      <string>soma_group</string>
     </void>
    </object>
   </void>
   <void method="put">
    <object class="ucl.physiol.neuroconstruct.cell.ChannelMechanism">
     <void property="density">
      <float>5.0E-10</float>
     </void>
     <void property="name">
      <string>hcn1f_CML</string>
     </void>
    </object>
    <object class="java.util.Vector">
     <void method="add">
      <string>soma_group</string>
     </void>
    </object>
   </void>
  </void>
  <void property="initialPotential">
   <void property="fixedNum">
    <float>-60.0</float>
   </void>
  </void>
  <void property="instanceName">
   <string>Golgi_CML_KAHP_block</string>
  </void>
  <void property="ionPropertiesVsGroups">
   <void method="put">
    <object class="ucl.physiol.neuroconstruct.cell.IonProperties">
     <void property="name">
      <string>na</string>
     </void>
     <void property="reversalPotential">
      <float>87.39</float>
     </void>
    </object>
    <object class="java.util.Vector">
     <void method="add">
      <string>soma_group</string>
     </void>
    </object>
   </void>
   <void method="put">
    <object class="ucl.physiol.neuroconstruct.cell.IonProperties">
     <void property="name">
      <string>k</string>
     </void>
     <void property="reversalPotential">
      <float>-84.69</float>
     </void>
    </object>
    <object class="java.util.Vector">
     <void method="add">
      <string>soma_group</string>
     </void>
    </object>
   </void>
  </void>
  <void property="specAxResVsGroups">
   <void method="remove">
    <float>300.0</float>
   </void>
   <void method="put">
    <float>1000.0</float>
    <object class="java.util.Vector">
     <void method="add">
      <string>all</string>
     </void>
    </object>
   </void>
  </void>
  <void property="synapsesVsGroups">
   <void method="put">
    <string>Syn</string>
    <object class="java.util.Vector">
     <void method="add">
      <string>dendrite_group</string>
     </void>
    </object>
   </void>
  </void>
 </object>
</java>
