<?xml version="1.0" encoding="UTF-8"?>
<java version="1.6.0_0" class="java.beans.XMLDecoder">

<!-- Note that this XML is specific to the neuroConstruct Java cell object model and not any part of the NeuroML framework -->

 <object class="ucl.physiol.neuroconstruct.cell.Cell">
  <void property="allSegments">
   <void method="add">
    <object class="ucl.physiol.neuroconstruct.cell.Segment">
     <void property="endPointPositionX">
      <float>0.0</float>
     </void>
     <void property="endPointPositionY">
      <float>37.766</float>
     </void>
     <void property="endPointPositionZ">
      <float>0.0</float>
     </void>
     <void property="finiteVolume">
      <boolean>true</boolean>
     </void>
     <void property="radius">
      <float>5.5</float>
     </void>
     <void property="section">
      <object class="ucl.physiol.neuroconstruct.cell.Section">
       <void property="groups">
        <void method="add">
         <string>soma_group</string>
        </void>
       </void>
       <void property="sectionName">
        <string>Soma</string>
       </void>
       <void property="startPointPositionX">
        <float>0.0</float>
       </void>
       <void property="startPointPositionY">
        <float>0.0</float>
       </void>
       <void property="startPointPositionZ">
        <float>0.0</float>
       </void>
       <void property="startRadius">
        <float>5.5</float>
       </void>
      </object>
     </void>
     <void property="segmentId">
      <int>0</int>
     </void>
     <void property="segmentName">
      <string>Soma</string>
     </void>
    </object>
   </void>
  </void>
  <void property="cellDescription">
   <string>A single segment/compartment cell</string>
  </void>
  <void property="chanMechsVsGroups">
   <void method="put">
    <object class="ucl.physiol.neuroconstruct.cell.ChannelMechanism">
     <void property="density">
      <float>2.5E-10</float>
     </void>
     <void property="name">
      <string>LeakCond</string>
     </void>
    </object>
    <object class="java.util.Vector">
     <void method="add">
      <string>all</string>
     </void>
    </object>
   </void>
   <void method="put">
    <object class="ucl.physiol.neuroconstruct.cell.ChannelMechanism">
     <void property="density">
      <float>1.7E-9</float>
     </void>
     <void property="name">
      <string>NaR</string>
     </void>
    </object>
    <object class="java.util.Vector">
     <void method="add">
      <string>all</string>
     </void>
    </object>
   </void>
   <void method="put">
    <object class="ucl.physiol.neuroconstruct.cell.ChannelMechanism">
     <void property="name">
      <string>Golgi_CALC</string>
     </void>
    </object>
    <object class="java.util.Vector">
     <void method="add">
      <string>all</string>
     </void>
    </object>
   </void>
   <void method="put">
    <object class="ucl.physiol.neuroconstruct.cell.ChannelMechanism">
     <void property="density">
      <float>3.8E-7</float>
     </void>
     <void property="name">
      <string>KAHP</string>
     </void>
    </object>
    <object class="java.util.Vector">
     <void method="add">
      <string>all</string>
     </void>
    </object>
   </void>
   <void method="put">
    <object class="ucl.physiol.neuroconstruct.cell.ChannelMechanism">
     <void property="density">
      <float>3.2E-7</float>
     </void>
     <void property="name">
      <string>KV</string>
     </void>
    </object>
    <object class="java.util.Vector">
     <void method="add">
      <string>all</string>
     </void>
    </object>
   </void>
   <void method="put">
    <object class="ucl.physiol.neuroconstruct.cell.ChannelMechanism">
     <void property="density">
      <float>3.0E-8</float>
     </void>
     <void property="name">
      <string>KC</string>
     </void>
    </object>
    <object class="java.util.Vector">
     <void method="add">
      <string>all</string>
     </void>
    </object>
   </void>
   <void method="put">
    <object class="ucl.physiol.neuroconstruct.cell.ChannelMechanism">
     <void property="density">
      <float>8.0E-8</float>
     </void>
     <void property="name">
      <string>KA</string>
     </void>
    </object>
    <object class="java.util.Vector">
     <void method="add">
      <string>all</string>
     </void>
    </object>
   </void>
   <void method="put">
    <object class="ucl.physiol.neuroconstruct.cell.ChannelMechanism">
     <void property="density">
      <float>8.0E-10</float>
     </void>
     <void property="name">
      <string>hcn2</string>
     </void>
    </object>
    <object class="java.util.Vector">
     <void method="add">
      <string>all</string>
     </void>
    </object>
   </void>
   <void method="put">
    <object class="ucl.physiol.neuroconstruct.cell.ChannelMechanism">
     <void property="density">
      <float>4.8E-7</float>
     </void>
     <void property="name">
      <string>NaT</string>
     </void>
    </object>
    <object class="java.util.Vector">
     <void method="add">
      <string>all</string>
     </void>
    </object>
   </void>
   <void method="put">
    <object class="ucl.physiol.neuroconstruct.cell.ChannelMechanism">
     <void property="density">
      <float>5.0E-10</float>
     </void>
     <void property="name">
      <string>hcn1</string>
     </void>
    </object>
    <object class="java.util.Vector">
     <void method="add">
      <string>all</string>
     </void>
    </object>
   </void>
   <void method="put">
    <object class="ucl.physiol.neuroconstruct.cell.ChannelMechanism">
     <void property="density">
      <float>1.0E-8</float>
     </void>
     <void property="name">
      <string>Kslow</string>
     </void>
    </object>
    <object class="java.util.Vector">
     <void method="add">
      <string>all</string>
     </void>
    </object>
   </void>
   <void method="put">
    <object class="ucl.physiol.neuroconstruct.cell.ChannelMechanism">
     <void property="density">
      <float>4.6E-9</float>
     </void>
     <void property="name">
      <string>CaHVA</string>
     </void>
    </object>
    <object class="java.util.Vector">
     <void method="add">
      <string>all</string>
     </void>
    </object>
   </void>
   <void method="put">
    <object class="ucl.physiol.neuroconstruct.cell.ChannelMechanism">
     <void property="name">
      <string>Golgi_CALC_ca2</string>
     </void>
    </object>
    <object class="java.util.Vector">
     <void method="add">
      <string>all</string>
     </void>
    </object>
   </void>
   <void method="put">
    <object class="ucl.physiol.neuroconstruct.cell.ChannelMechanism">
     <void property="density">
      <float>1.9E-9</float>
     </void>
     <void property="name">
      <string>NaP</string>
     </void>
    </object>
    <object class="java.util.Vector">
     <void method="add">
      <string>all</string>
     </void>
    </object>
   </void>
   <void method="put">
    <object class="ucl.physiol.neuroconstruct.cell.ChannelMechanism">
     <void property="density">
      <float>2.5E-9</float>
     </void>
     <void property="name">
      <string>CaLVA</string>
     </void>
    </object>
    <object class="java.util.Vector">
     <void method="add">
      <string>all</string>
     </void>
    </object>
   </void>
  </void>
  <void property="initialPotential">
   <void property="fixedNum">
    <float>-60.0</float>
   </void>
  </void>
  <void property="instanceName">
   <string>Simple_mod</string>
  </void>
  <void property="specAxResVsGroups">
   <void method="remove">
    <float>300.0</float>
   </void>
   <void method="put">
    <float>1000.0</float>
    <object class="java.util.Vector">
     <void method="add">
      <string>all</string>
     </void>
    </object>
   </void>
  </void>
  <void property="specCapVsGroups">
   <void method="remove">
    <float>1.0E-8</float>
   </void>
   <void method="put">
    <float>9.0E-9</float>
    <object class="java.util.Vector">
     <void method="add">
      <string>all</string>
     </void>
    </object>
   </void>
  </void>
 </object>
</java>
