<?xml version="1.0" encoding="UTF-8"?>

<channelml xmlns="http://morphml.org/channelml/schema"
    xmlns:xsi="http://www.w3.org/2001/XMLSchema-instance"
    xmlns:meta="http://morphml.org/metadata/schema"
    xsi:schemaLocation="http://morphml.org/channelml/schema  http://www.neuroml.org/NeuroMLValidator/NeuroMLFiles/Schemata/v1.8.1/Level2/ChannelML_v1.8.1.xsd"
    units="Physiological Units">

    <meta:notes>ChannelML file containing a single Channel description from Solinas et al 2007</meta:notes>
    
    <channel_type name="hcn1f_CML">

       <status value="stable">
            <meta:comment>30mV for table may be too low an upper limit (peak of AP can go above this).
Note: no q10 temperature dependence in channel</meta:comment>
            <meta:contributor>
                <meta:name>Matteo Farinella</meta:name>
            </meta:contributor>
            <meta:contributor>
                <meta:name>Padraig Gleeson</meta:name>
            </meta:contributor>
        </status>
        
        <meta:notes>hcn1 channel - fast component</meta:notes>
    
        <meta:authorList>

          <meta:modelAuthor>
                <meta:name>S.Solinas</meta:name>
                <meta:comment>Cited implementer according to the original .mod file. Comment from original mod file:
Data from: Santoro et al. J Neurosci. 2000
Last revised: May 2007</meta:comment>
            </meta:modelAuthor>

            <meta:modelAuthor>
                <meta:name>L.Forti</meta:name>
                <meta:comment>Cited implementer according to the original .mod file. Comment from original mod file:
Data from: Santoro et al. J Neurosci. 2000
Last revised: May 2007</meta:comment>
            </meta:modelAuthor>

             <meta:modelAuthor>
                <meta:name>E.DAngelo</meta:name>
                <meta:comment>Cited implementer according to the original .mod file. Comment from original mod file:
Data from: Santoro et al. J Neurosci. 2000
Last revised: May 2007</meta:comment>
            </meta:modelAuthor>

            <meta:modelTranslator>
                <meta:name>Matteo Farinella</meta:name>
                <meta:institution>UCL</meta:institution>    
                <meta:email>m.farinella - at - ucl.ac.uk</meta:email>
            </meta:modelTranslator>

            <meta:modelTranslator>
                <meta:name>Padraig Gleeson</meta:name>
                <meta:institution>UCL</meta:institution>
                <meta:email>p.gleeson - at - ucl.ac.uk</meta:email>
            </meta:modelTranslator>

        </meta:authorList>

         <meta:publication>
            <meta:fullTitle>Solinas S, Forti L, Cesana E, Mapelli J, De Schutter E, D'Angelo E. (2007) Computational reconstruction of pacemaking and intrinsic electroresponsiveness in cerebellar Golgi cells.  Front Cell Neurosci. 2007;1:2.</meta:fullTitle>
            <meta:pubmedRef>http://www.ncbi.nlm.nih.gov/pubmed/18946520</meta:pubmedRef>
        </meta:publication>

        <meta:modelDBref>
            <meta:modelName>Cerebellar Golgi cell (Solinas et al. 2007a, 2007b)</meta:modelName>
            <meta:uri>http://senselab.med.yale.edu/modeldb/ShowModel.asp?model=112685</meta:uri>
        </meta:modelDBref>

        
        <current_voltage_relation cond_law="ohmic" ion="h" default_gmax="0.1" default_erev="-20">
            
            <!-- <q10_settings q10_factor="3" experimental_temp="33"/>      -->          
            
            
                                    <!--

       Erev = -20 (mV)
	   q_10 = 3

	   Ehalf = -72.49 (mV)
	   c = 0.11305	(/mV)
	
	    rA = 0.002096 (/mV)
        rB = 0.97596  (1)

        tCf = 0.01371 (1)
        tDf = -3.368  (mV)
	    tEf = 2.302585092 (/mV)

	    tCs = 0.01451 (1)
        tDs = -4.056  (mV)
	    tEs = 2.302585092 (/mV)

	o_fast_inf = r(v) * o_inf(v,Ehalf,c)
                          (0.002096 * v + 0.97596) * 1 / (1 + exp((v - (-72.49)) * 0.11305))
	o_slow_inf = (1 - r(v)) * o_inf(v,Ehalf,c) 
                            (1-(0.002096 * v + 0.97596))  * 1 / (1 + exp((v - (-72.49)) * 0.11305))
			
	tau_f =  tau(v,tCf,tDf,tEf)  = exp((( 0.01371 * v) - (-3.368) )* 2.302585092 )
	tau_s =  tau(v,tCs,tDs,tEs)  =  exp(((0.01451 * v) - (-4.056) )* 2.302585092 )
		
                -->

           <gate name="f" instances="1">
            
               <closed_state id="f0"/>
               <open_state id="f"/>                           
 
               <time_course name="tau" from="f0" to="f" expr_form="generic" expr="(exp (((0.01371 * v) + 3.368 )* 2.302585092 ))"/>
               <steady_state name="inf" from="f0" to="f" expr_form="generic" expr="(0.002096 * v + 0.97596) * 1 / (1 + (exp ((v - (-72.49)) * 0.11305)))"/>
                    
            </gate>               
        
        </current_voltage_relation> 
        
        <impl_prefs>
		    <table_settings max_v="30" min_v="-100" table_divisions="13000"/>
	</impl_prefs>
        
        
    </channel_type>
</channelml>